,disad,total_projects,total_tracts,total_oil_gas,total_tracts_oil_gas,avg_acres,tot_pop,acre_per_cap_1k,avg_acres,tot_pop,acre_per_cap_1k,share_oil_gas_global,share_projects_global,share_oil_gas,share_tracts_oil_gas
0,0,3297,1130,172,107,15.940334647309347,31994400.0,1.68,15.940334647309347,31994400.0,1.68,0.03769449923296077,0.722550953320184,0.052168638155899304,0.09469026548672567
1,1,1266,521,120,74,27.375856693671693,8701380.0,3.94,27.375856693671693,8701380.0,3.94,0.026298487836949377,0.2774490466798159,0.0947867298578199,0.1420345489443378
